"x coord";"y coord";"z coord";"scalar"
0;0;0;8
1;0;0;8
2;0;0;8
3;0;0;8
4;0;0;8
5;0;0;8
6;0;0;8
7;0;0;8
8;0;0;8
9;0;0;8
10;0;0;8
11;0;0;8
12;0;0;8
13;0;0;8
14;0;0;8
15;0;0;8
16;0;0;8
17;0;0;8
18;0;0;9
19;0;0;9
20;0;0;9
21;0;0;9
22;0;0;9
23;0;0;9
24;0;0;9
25;0;0;9
26;0;0;9
27;0;0;10
28;0;0;10
29;0;0;10
30;0;0;11
31;0;0;11
32;0;0;13
33;0;0;48
34;0;0;35
35;0;0;17
36;0;0;12
37;0;0;11
38;0;0;10
39;0;0;10
40;0;0;10
41;0;0;10
42;0;0;9
43;0;0;9
44;0;0;9
45;0;0;9
46;0;0;9
47;0;0;9
48;0;0;9
49;0;0;9
50;0;0;9
51;0;0;9
52;0;0;9
53;0;0;9
54;0;0;8
55;0;0;8
56;0;0;8
57;0;0;8
58;0;0;8
59;0;0;8
60;0;0;8
61;0;0;8
62;0;0;8
63;0;0;8
0;1;0;8
1;1;0;8
2;1;0;8
3;1;0;8
4;1;0;8
5;1;0;8
6;1;0;8
7;1;0;8
8;1;0;8
9;1;0;8
10;1;0;8
11;1;0;8
12;1;0;8
13;1;0;8
14;1;0;8
15;1;0;8
16;1;0;9
17;1;0;9
18;1;0;9
19;1;0;9
20;1;0;9
21;1;0;9
22;1;0;9
23;1;0;9
24;1;0;9
25;1;0;9
26;1;0;10
27;1;0;10
28;1;0;10
29;1;0;11
30;1;0;12
31;1;0;13
32;1;0;0
33;1;0;36
34;1;0;39
35;1;0;16
36;1;0;13
37;1;0;12
38;1;0;11
39;1;0;11
40;1;0;10
41;1;0;10
42;1;0;10
43;1;0;9
44;1;0;9
45;1;0;9
46;1;0;9
47;1;0;9
48;1;0;9
49;1;0;9
50;1;0;9
51;1;0;9
52;1;0;9
53;1;0;9
54;1;0;9
55;1;0;9
56;1;0;9
57;1;0;8
58;1;0;8
59;1;0;8
60;1;0;8
61;1;0;8
62;1;0;8
63;1;0;8
0;2;0;8
1;2;0;8
2;2;0;8
3;2;0;8
4;2;0;8
5;2;0;8
6;2;0;8
7;2;0;8
8;2;0;8
9;2;0;8
10;2;0;8
11;2;0;8
12;2;0;8
13;2;0;8
14;2;0;9
15;2;0;9
16;2;0;9
17;2;0;9
18;2;0;9
19;2;0;9
20;2;0;9
21;2;0;9
22;2;0;9
23;2;0;9
24;2;0;9
25;2;0;10
26;2;0;10
27;2;0;10
28;2;0;10
29;2;0;11
30;2;0;15
31;2;0;43
32;2;0;0
33;2;0;54
34;2;0;25
35;2;0;0
36;2;0;56
37;2;0;14
38;2;0;13
39;2;0;11
40;2;0;11
41;2;0;10
42;2;0;10
43;2;0;10
44;2;0;10
45;2;0;9
46;2;0;9
47;2;0;9
48;2;0;9
49;2;0;9
50;2;0;9
51;2;0;9
52;2;0;9
53;2;0;9
54;2;0;9
55;2;0;9
56;2;0;9
57;2;0;9
58;2;0;9
59;2;0;8
60;2;0;8
61;2;0;8
62;2;0;8
63;2;0;8
0;3;0;8
1;3;0;8
2;3;0;8
3;3;0;8
4;3;0;8
5;3;0;8
6;3;0;8
7;3;0;8
8;3;0;8
9;3;0;8
10;3;0;8
11;3;0;8
12;3;0;9
13;3;0;9
14;3;0;9
15;3;0;9
16;3;0;9
17;3;0;9
18;3;0;9
19;3;0;9
20;3;0;9
21;3;0;9
22;3;0;9
23;3;0;10
24;3;0;10
25;3;0;10
26;3;0;10
27;3;0;10
28;3;0;11
29;3;0;12
30;3;0;14
31;3;0;74
32;3;0;86
33;3;0;97
34;3;0;66
35;3;0;0
36;3;0;71
37;3;0;34
38;3;0;0
39;3;0;12
40;3;0;11
41;3;0;11
42;3;0;10
43;3;0;10
44;3;0;10
45;3;0;10
46;3;0;10
47;3;0;9
48;3;0;9
49;3;0;9
50;3;0;9
51;3;0;9
52;3;0;9
53;3;0;9
54;3;0;9
55;3;0;9
56;3;0;9
57;3;0;9
58;3;0;9
59;3;0;9
60;3;0;9
61;3;0;9
62;3;0;8
63;3;0;8
0;4;0;8
1;4;0;8
2;4;0;8
3;4;0;8
4;4;0;8
5;4;0;8
6;4;0;8
7;4;0;8
8;4;0;8
9;4;0;8
10;4;0;8
11;4;0;9
12;4;0;9
13;4;0;9
14;4;0;9
15;4;0;9
16;4;0;9
17;4;0;9
18;4;0;9
19;4;0;9
20;4;0;9
21;4;0;9
22;4;0;10
23;4;0;10
24;4;0;10
25;4;0;10
26;4;0;10
27;4;0;11
28;4;0;11
29;4;0;12
30;4;0;14
31;4;0;0
32;4;0;0
33;4;0;0
34;4;0;48
35;4;0;0
36;4;0;0
37;4;0;0
38;4;0;15
39;4;0;12
40;4;0;11
41;4;0;11
42;4;0;11
43;4;0;10
44;4;0;10
45;4;0;10
46;4;0;10
47;4;0;10
48;4;0;10
49;4;0;10
50;4;0;9
51;4;0;9
52;4;0;9
53;4;0;9
54;4;0;9
55;4;0;9
56;4;0;9
57;4;0;9
58;4;0;9
59;4;0;9
60;4;0;9
61;4;0;9
62;4;0;9
63;4;0;9
0;5;0;8
1;5;0;8
2;5;0;8
3;5;0;8
4;5;0;8
5;5;0;8
6;5;0;8
7;5;0;8
8;5;0;8
9;5;0;9
10;5;0;9
11;5;0;9
12;5;0;9
13;5;0;9
14;5;0;9
15;5;0;9
16;5;0;9
17;5;0;9
18;5;0;9
19;5;0;9
20;5;0;10
21;5;0;10
22;5;0;10
23;5;0;10
24;5;0;10
25;5;0;10
26;5;0;11
27;5;0;11
28;5;0;12
29;5;0;12
30;5;0;14
31;5;0;17
32;5;0;0
33;5;0;27
34;5;0;29
35;5;0;92
36;5;0;0
37;5;0;88
38;5;0;0
39;5;0;13
40;5;0;12
41;5;0;11
42;5;0;11
43;5;0;11
44;5;0;10
45;5;0;10
46;5;0;10
47;5;0;10
48;5;0;10
49;5;0;10
50;5;0;10
51;5;0;10
52;5;0;9
53;5;0;9
54;5;0;9
55;5;0;9
56;5;0;9
57;5;0;9
58;5;0;9
59;5;0;9
60;5;0;9
61;5;0;9
62;5;0;9
63;5;0;9
0;6;0;8
1;6;0;8
2;6;0;8
3;6;0;8
4;6;0;8
5;6;0;8
6;6;0;9
7;6;0;9
8;6;0;9
9;6;0;9
10;6;0;9
11;6;0;9
12;6;0;9
13;6;0;9
14;6;0;9
15;6;0;9
16;6;0;9
17;6;0;9
18;6;0;9
19;6;0;10
20;6;0;10
21;6;0;10
22;6;0;10
23;6;0;10
24;6;0;11
25;6;0;11
26;6;0;11
27;6;0;12
28;6;0;12
29;6;0;13
30;6;0;14
31;6;0;16
32;6;0;19
33;6;0;24
34;6;0;27
35;6;0;30
36;6;0;40
37;6;0;0
38;6;0;18
39;6;0;14
40;6;0;12
41;6;0;12
42;6;0;11
43;6;0;11
44;6;0;11
45;6;0;11
46;6;0;11
47;6;0;10
48;6;0;10
49;6;0;10
50;6;0;10
51;6;0;10
52;6;0;10
53;6;0;10
54;6;0;9
55;6;0;9
56;6;0;9
57;6;0;9
58;6;0;9
59;6;0;9
60;6;0;9
61;6;0;9
62;6;0;9
63;6;0;9
0;7;0;8
1;7;0;8
2;7;0;8
3;7;0;8
4;7;0;9
5;7;0;9
6;7;0;9
7;7;0;9
8;7;0;9
9;7;0;9
10;7;0;9
11;7;0;9
12;7;0;9
13;7;0;9
14;7;0;9
15;7;0;9
16;7;0;9
17;7;0;10
18;7;0;10
19;7;0;10
20;7;0;10
21;7;0;10
22;7;0;11
23;7;0;11
24;7;0;11
25;7;0;11
26;7;0;12
27;7;0;13
28;7;0;14
29;7;0;16
30;7;0;18
31;7;0;0
32;7;0;0
33;7;0;0
34;7;0;63
35;7;0;32
36;7;0;35
37;7;0;0
38;7;0;0
39;7;0;14
40;7;0;13
41;7;0;12
42;7;0;12
43;7;0;12
44;7;0;12
45;7;0;11
46;7;0;11
47;7;0;11
48;7;0;11
49;7;0;11
50;7;0;11
51;7;0;10
52;7;0;10
53;7;0;10
54;7;0;10
55;7;0;10
56;7;0;9
57;7;0;9
58;7;0;9
59;7;0;9
60;7;0;9
61;7;0;9
62;7;0;9
63;7;0;9
0;8;0;8
1;8;0;9
2;8;0;9
3;8;0;9
4;8;0;9
5;8;0;9
6;8;0;9
7;8;0;9
8;8;0;9
9;8;0;9
10;8;0;9
11;8;0;9
12;8;0;9
13;8;0;9
14;8;0;9
15;8;0;9
16;8;0;10
17;8;0;10
18;8;0;10
19;8;0;10
20;8;0;11
21;8;0;11
22;8;0;11
23;8;0;12
24;8;0;12
25;8;0;12
26;8;0;13
27;8;0;0
28;8;0;18
29;8;0;0
30;8;0;88
31;8;0;50
32;8;0;35
33;8;0;0
34;8;0;81
35;8;0;37
36;8;0;40
37;8;0;0
38;8;0;17
39;8;0;15
40;8;0;14
41;8;0;13
42;8;0;13
43;8;0;13
44;8;0;13
45;8;0;12
46;8;0;12
47;8;0;12
48;8;0;12
49;8;0;12
50;8;0;11
51;8;0;11
52;8;0;10
53;8;0;10
54;8;0;10
55;8;0;10
56;8;0;10
57;8;0;10
58;8;0;9
59;8;0;9
60;8;0;9
61;8;0;9
62;8;0;9
63;8;0;9
0;9;0;9
1;9;0;9
2;9;0;9
3;9;0;9
4;9;0;9
5;9;0;9
6;9;0;9
7;9;0;9
8;9;0;9
9;9;0;9
10;9;0;9
11;9;0;9
12;9;0;9
13;9;0;9
14;9;0;9
15;9;0;10
16;9;0;10
17;9;0;10
18;9;0;10
19;9;0;11
20;9;0;12
21;9;0;13
22;9;0;13
23;9;0;13
24;9;0;13
25;9;0;14
26;9;0;16
27;9;0;42
28;9;0;31
29;9;0;0
30;9;0;0
31;9;0;57
32;9;0;32
33;9;0;98
34;9;0;46
35;9;0;43
36;9;0;0
37;9;0;73
38;9;0;17
39;9;0;16
40;9;0;15
41;9;0;16
42;9;0;15
43;9;0;16
44;9;0;0
45;9;0;14
46;9;0;13
47;9;0;13
48;9;0;17
49;9;0;17
50;9;0;15
51;9;0;12
52;9;0;11
53;9;0;10
54;9;0;10
55;9;0;10
56;9;0;10
57;9;0;10
58;9;0;10
59;9;0;10
60;9;0;10
61;9;0;9
62;9;0;9
63;9;0;9
0;10;0;9
1;10;0;9
2;10;0;9
3;10;0;9
4;10;0;9
5;10;0;9
6;10;0;9
7;10;0;9
8;10;0;9
9;10;0;9
10;10;0;9
11;10;0;9
12;10;0;9
13;10;0;10
14;10;0;10
15;10;0;10
16;10;0;10
17;10;0;10
18;10;0;11
19;10;0;11
20;10;0;13
21;10;0;0
22;10;0;0
23;10;0;21
24;10;0;15
25;10;0;16
26;10;0;61
27;10;0;0
28;10;0;61
29;10;0;0
30;10;0;0
31;10;0;32
32;10;0;30
33;10;0;30
34;10;0;40
35;10;0;99
36;10;0;23
37;10;0;20
38;10;0;18
39;10;0;18
40;10;0;37
41;10;0;0
42;10;0;0
43;10;0;36
44;10;0;26
45;10;0;64
46;10;0;0
47;10;0;16
48;10;0;0
49;10;0;67
50;10;0;16
51;10;0;12
52;10;0;11
53;10;0;11
54;10;0;11
55;10;0;10
56;10;0;10
57;10;0;10
58;10;0;10
59;10;0;10
60;10;0;10
61;10;0;10
62;10;0;10
63;10;0;10
0;11;0;9
1;11;0;9
2;11;0;9
3;11;0;9
4;11;0;9
5;11;0;9
6;11;0;9
7;11;0;9
8;11;0;9
9;11;0;9
10;11;0;9
11;11;0;10
12;11;0;10
13;11;0;10
14;11;0;10
15;11;0;10
16;11;0;10
17;11;0;11
18;11;0;11
19;11;0;12
20;11;0;14
21;11;0;0
22;11;0;49
23;11;0;37
24;11;0;23
25;11;0;19
26;11;0;0
27;11;0;0
28;11;0;91
29;11;0;66
30;11;0;41
31;11;0;31
32;11;0;29
33;11;0;27
34;11;0;26
35;11;0;24
36;11;0;22
37;11;0;21
38;11;0;23
39;11;0;0
40;11;0;85
41;11;0;88
42;11;0;0
43;11;0;0
44;11;0;0
45;11;0;0
46;11;0;71
47;11;0;63
48;11;0;0
49;11;0;67
50;11;0;21
51;11;0;13
52;11;0;12
53;11;0;11
54;11;0;11
55;11;0;11
56;11;0;10
57;11;0;10
58;11;0;10
59;11;0;10
60;11;0;10
61;11;0;10
62;11;0;10
63;11;0;10
0;12;0;9
1;12;0;9
2;12;0;9
3;12;0;9
4;12;0;9
5;12;0;9
6;12;0;9
7;12;0;9
8;12;0;9
9;12;0;10
10;12;0;10
11;12;0;10
12;12;0;10
13;12;0;10
14;12;0;10
15;12;0;10
16;12;0;10
17;12;0;11
18;12;0;11
19;12;0;12
20;12;0;13
21;12;0;19
22;12;0;24
23;12;0;56
24;12;0;0
25;12;0;23
26;12;0;0
27;12;0;0
28;12;0;0
29;12;0;0
30;12;0;0
31;12;0;32
32;12;0;29
33;12;0;27
34;12;0;26
35;12;0;24
36;12;0;24
37;12;0;24
38;12;0;0
39;12;0;0
40;12;0;0
41;12;0;0
42;12;0;0
43;12;0;86
44;12;0;0
45;12;0;55
46;12;0;33
47;12;0;32
48;12;0;43
49;12;0;76
50;12;0;16
51;12;0;13
52;12;0;12
53;12;0;12
54;12;0;11
55;12;0;11
56;12;0;11
57;12;0;11
58;12;0;10
59;12;0;10
60;12;0;10
61;12;0;10
62;12;0;10
63;12;0;10
0;13;0;9
1;13;0;9
2;13;0;9
3;13;0;9
4;13;0;9
5;13;0;9
6;13;0;10
7;13;0;10
8;13;0;10
9;13;0;10
10;13;0;10
11;13;0;10
12;13;0;10
13;13;0;10
14;13;0;10
15;13;0;10
16;13;0;11
17;13;0;11
18;13;0;12
19;13;0;12
20;13;0;13
21;13;0;16
22;13;0;0
23;13;0;33
24;13;0;28
25;13;0;27
26;13;0;87
27;13;0;84
28;13;0;0
29;13;0;86
30;13;0;50
31;13;0;71
32;13;0;31
33;13;0;28
34;13;0;27
35;13;0;26
36;13;0;28
37;13;0;36
38;13;0;0
39;13;0;0
40;13;0;0
41;13;0;0
42;13;0;0
43;13;0;0
44;13;0;71
45;13;0;66
46;13;0;30
47;13;0;27
48;13;0;24
49;13;0;19
50;13;0;16
51;13;0;14
52;13;0;13
53;13;0;12
54;13;0;12
55;13;0;11
56;13;0;11
57;13;0;11
58;13;0;11
59;13;0;11
60;13;0;11
61;13;0;11
62;13;0;11
63;13;0;11
0;14;0;9
1;14;0;10
2;14;0;10
3;14;0;10
4;14;0;10
5;14;0;10
6;14;0;10
7;14;0;10
8;14;0;10
9;14;0;10
10;14;0;10
11;14;0;10
12;14;0;10
13;14;0;10
14;14;0;10
15;14;0;11
16;14;0;11
17;14;0;11
18;14;0;12
19;14;0;13
20;14;0;14
21;14;0;25
22;14;0;77
23;14;0;33
24;14;0;30
25;14;0;37
26;14;0;45
27;14;0;0
28;14;0;0
29;14;0;51
30;14;0;46
31;14;0;41
32;14;0;34
33;14;0;31
34;14;0;0
35;14;0;32
36;14;0;0
37;14;0;66
38;14;0;0
39;14;0;0
40;14;0;0
41;14;0;0
42;14;0;0
43;14;0;0
44;14;0;0
45;14;0;0
46;14;0;58
47;14;0;29
48;14;0;31
49;14;0;42
50;14;0;0
51;14;0;17
52;14;0;14
53;14;0;13
54;14;0;13
55;14;0;12
56;14;0;12
57;14;0;11
58;14;0;11
59;14;0;11
60;14;0;11
61;14;0;11
62;14;0;11
63;14;0;11
0;15;0;10
1;15;0;10
2;15;0;10
3;15;0;10
4;15;0;10
5;15;0;10
6;15;0;10
7;15;0;10
8;15;0;10
9;15;0;10
10;15;0;10
11;15;0;10
12;15;0;10
13;15;0;11
14;15;0;11
15;15;0;11
16;15;0;11
17;15;0;12
18;15;0;12
19;15;0;14
20;15;0;15
21;15;0;0
22;15;0;85
23;15;0;0
24;15;0;0
25;15;0;0
26;15;0;59
27;15;0;0
28;15;0;0
29;15;0;0
30;15;0;0
31;15;0;0
32;15;0;0
33;15;0;86
34;15;0;49
35;15;0;42
36;15;0;80
37;15;0;0
38;15;0;0
39;15;0;0
40;15;0;0
41;15;0;0
42;15;0;0
43;15;0;0
44;15;0;0
45;15;0;59
46;15;0;48
47;15;0;0
48;15;0;0
49;15;0;0
50;15;0;0
51;15;0;0
52;15;0;0
53;15;0;17
54;15;0;0
55;15;0;13
56;15;0;12
57;15;0;12
58;15;0;11
59;15;0;11
60;15;0;11
61;15;0;11
62;15;0;11
63;15;0;12
0;16;0;10
1;16;0;10
2;16;0;10
3;16;0;10
4;16;0;10
5;16;0;10
6;16;0;10
7;16;0;10
8;16;0;10
9;16;0;10
10;16;0;10
11;16;0;11
12;16;0;11
13;16;0;11
14;16;0;11
15;16;0;11
16;16;0;12
17;16;0;12
18;16;0;15
19;16;0;82
20;16;0;21
21;16;0;87
22;16;0;0
23;16;0;0
24;16;0;74
25;16;0;0
26;16;0;69
27;16;0;0
28;16;0;0
29;16;0;0
30;16;0;66
31;16;0;0
32;16;0;0
33;16;0;0
34;16;0;47
35;16;0;45
36;16;0;72
37;16;0;66
38;16;0;82
39;16;0;0
40;16;0;0
41;16;0;0
42;16;0;0
43;16;0;89
44;16;0;0
45;16;0;0
46;16;0;0
47;16;0;88
48;16;0;0
49;16;0;0
50;16;0;0
51;16;0;64
52;16;0;34
53;16;0;0
54;16;0;0
55;16;0;14
56;16;0;13
57;16;0;12
58;16;0;12
59;16;0;12
60;16;0;12
61;16;0;12
62;16;0;12
63;16;0;12
0;17;0;11
1;17;0;11
2;17;0;11
3;17;0;11
4;17;0;11
5;17;0;11
6;17;0;11
7;17;0;11
8;17;0;11
9;17;0;11
10;17;0;11
11;17;0;11
12;17;0;11
13;17;0;11
14;17;0;11
15;17;0;12
16;17;0;12
17;17;0;13
18;17;0;15
19;17;0;0
20;17;0;56
21;17;0;29
22;17;0;48
23;17;0;0
24;17;0;0
25;17;0;0
26;17;0;0
27;17;0;0
28;17;0;0
29;17;0;83
30;17;0;0
31;17;0;0
32;17;0;69
33;17;0;66
34;17;0;0
35;17;0;48
36;17;0;0
37;17;0;89
38;17;0;0
39;17;0;0
40;17;0;0
41;17;0;0
42;17;0;0
43;17;0;99
44;17;0;84
45;17;0;0
46;17;0;0
47;17;0;0
48;17;0;0
49;17;0;0
50;17;0;91
51;17;0;89
52;17;0;30
53;17;0;23
54;17;0;17
55;17;0;14
56;17;0;13
57;17;0;13
58;17;0;12
59;17;0;12
60;17;0;12
61;17;0;13
62;17;0;13
63;17;0;14
0;18;0;11
1;18;0;11
2;18;0;11
3;18;0;11
4;18;0;11
5;18;0;11
6;18;0;11
7;18;0;11
8;18;0;11
9;18;0;11
10;18;0;11
11;18;0;11
12;18;0;11
13;18;0;11
14;18;0;12
15;18;0;12
16;18;0;12
17;18;0;13
18;18;0;14
19;18;0;17
20;18;0;0
21;18;0;59
22;18;0;0
23;18;0;88
24;18;0;0
25;18;0;0
26;18;0;0
27;18;0;0
28;18;0;0
29;18;0;0
30;18;0;0
31;18;0;0
32;18;0;0
33;18;0;64
34;18;0;0
35;18;0;0
36;18;0;0
37;18;0;0
38;18;0;0
39;18;0;0
40;18;0;0
41;18;0;0
42;18;0;0
43;18;0;66
44;18;0;0
45;18;0;50
46;18;0;56
47;18;0;66
48;18;0;0
49;18;0;75
50;18;0;0
51;18;0;90
52;18;0;0
53;18;0;0
54;18;0;0
55;18;0;16
56;18;0;14
57;18;0;13
58;18;0;13
59;18;0;13
60;18;0;13
61;18;0;13
62;18;0;15
63;18;0;0
0;19;0;12
1;19;0;12
2;19;0;12
3;19;0;12
4;19;0;12
5;19;0;13
6;19;0;12
7;19;0;12
8;19;0;12
9;19;0;12
10;19;0;12
11;19;0;12
12;19;0;12
13;19;0;12
14;19;0;12
15;19;0;12
16;19;0;13
17;19;0;13
18;19;0;14
19;19;0;18
20;19;0;0
21;19;0;84
22;19;0;91
23;19;0;0
24;19;0;0
25;19;0;0
26;19;0;0
27;19;0;0
28;19;0;0
29;19;0;0
30;19;0;0
31;19;0;0
32;19;0;83
33;19;0;0
34;19;0;0
35;19;0;0
36;19;0;0
37;19;0;0
38;19;0;0
39;19;0;60
40;19;0;64
41;19;0;71
42;19;0;0
43;19;0;0
44;19;0;48
45;19;0;46
46;19;0;49
47;19;0;0
48;19;0;0
49;19;0;0
50;19;0;51
51;19;0;0
52;19;0;0
53;19;0;0
54;19;0;71
55;19;0;55
56;19;0;18
57;19;0;14
58;19;0;14
59;19;0;14
60;19;0;14
61;19;0;14
62;19;0;16
63;19;0;0
0;20;0;13
1;20;0;13
2;20;0;13
3;20;0;13
4;20;0;17
5;20;0;0
6;20;0;14
7;20;0;13
8;20;0;12
9;20;0;12
10;20;0;12
11;20;0;12
12;20;0;12
13;20;0;12
14;20;0;12
15;20;0;13
16;20;0;13
17;20;0;14
18;20;0;16
19;20;0;0
20;20;0;31
21;20;0;97
22;20;0;0
23;20;0;0
24;20;0;0
25;20;0;0
26;20;0;0
27;20;0;0
28;20;0;0
29;20;0;0
30;20;0;0
31;20;0;0
32;20;0;0
33;20;0;0
34;20;0;0
35;20;0;0
36;20;0;95
37;20;0;73
38;20;0;51
39;20;0;0
40;20;0;71
41;20;0;0
42;20;0;0
43;20;0;0
44;20;0;42
45;20;0;0
46;20;0;52
47;20;0;0
48;20;0;0
49;20;0;42
50;20;0;50
51;20;0;0
52;20;0;0
53;20;0;0
54;20;0;53
55;20;0;26
56;20;0;17
57;20;0;15
58;20;0;15
59;20;0;14
60;20;0;15
61;20;0;16
62;20;0;38
63;20;0;75
0;21;0;14
1;21;0;16
2;21;0;16
3;21;0;19
4;21;0;20
5;21;0;34
6;21;0;17
7;21;0;14
8;21;0;13
9;21;0;13
10;21;0;13
11;21;0;13
12;21;0;13
13;21;0;13
14;21;0;13
15;21;0;13
16;21;0;13
17;21;0;14
18;21;0;16
19;21;0;23
20;21;0;38
21;21;0;91
22;21;0;0
23;21;0;0
24;21;0;0
25;21;0;0
26;21;0;0
27;21;0;0
28;21;0;0
29;21;0;0
30;21;0;0
31;21;0;0
32;21;0;0
33;21;0;90
34;21;0;0
35;21;0;0
36;21;0;0
37;21;0;50
38;21;0;47
39;21;0;47
40;21;0;49
41;21;0;61
42;21;0;0
43;21;0;0
44;21;0;34
45;21;0;57
46;21;0;39
47;21;0;33
48;21;0;32
49;21;0;0
50;21;0;39
51;21;0;56
52;21;0;47
53;21;0;53
54;21;0;89
55;21;0;0
56;21;0;0
57;21;0;18
58;21;0;16
59;21;0;15
60;21;0;16
61;21;0;17
62;21;0;0
63;21;0;72
0;22;0;0
1;22;0;0
2;22;0;54
3;22;0;71
4;22;0;33
5;22;0;43
6;22;0;18
7;22;0;15
8;22;0;15
9;22;0;14
10;22;0;15
11;22;0;14
12;22;0;13
13;22;0;13
14;22;0;13
15;22;0;13
16;22;0;14
17;22;0;14
18;22;0;16
19;22;0;19
20;22;0;0
21;22;0;0
22;22;0;0
23;22;0;0
24;22;0;0
25;22;0;0
26;22;0;0
27;22;0;0
28;22;0;0
29;22;0;0
30;22;0;0
31;22;0;0
32;22;0;0
33;22;0;83
34;22;0;87
35;22;0;66
36;22;0;67
37;22;0;0
38;22;0;45
39;22;0;45
40;22;0;47
41;22;0;54
42;22;0;0
43;22;0;35
44;22;0;30
45;22;0;31
46;22;0;34
47;22;0;30
48;22;0;30
49;22;0;31
50;22;0;32
51;22;0;33
52;22;0;91
53;22;0;0
54;22;0;0
55;22;0;0
56;22;0;33
57;22;0;19
58;22;0;17
59;22;0;16
60;22;0;17
61;22;0;18
62;22;0;39
63;22;0;0
0;23;0;0
1;23;0;0
2;23;0;0
3;23;0;46
4;23;0;30
5;23;0;25
6;23;0;41
7;23;0;0
8;23;0;0
9;23;0;21
10;23;0;46
11;23;0;15
12;23;0;14
13;23;0;14
14;23;0;14
15;23;0;14
16;23;0;14
17;23;0;15
18;23;0;16
19;23;0;0
20;23;0;36
21;23;0;0
22;23;0;0
23;23;0;0
24;23;0;0
25;23;0;0
26;23;0;0
27;23;0;0
28;23;0;0
29;23;0;0
30;23;0;0
31;23;0;0
32;23;0;0
33;23;0;94
34;23;0;72
35;23;0;64
36;23;0;60
37;23;0;49
38;23;0;43
39;23;0;43
40;23;0;79
41;23;0;82
42;23;0;32
43;23;0;29
44;23;0;28
45;23;0;28
46;23;0;28
47;23;0;29
48;23;0;29
49;23;0;29
50;23;0;30
51;23;0;31
52;23;0;33
53;23;0;35
54;23;0;70
55;23;0;0
56;23;0;0
57;23;0;62
58;23;0;18
59;23;0;17
60;23;0;18
61;23;0;19
62;23;0;32
63;23;0;0
0;24;0;0
1;24;0;0
2;24;0;0
3;24;0;0
4;24;0;47
5;24;0;71
6;24;0;0
7;24;0;0
8;24;0;49
9;24;0;31
10;24;0;20
11;24;0;16
12;24;0;15
13;24;0;15
14;24;0;15
15;24;0;15
16;24;0;15
17;24;0;15
18;24;0;16
19;24;0;18
20;24;0;0
21;24;0;0
22;24;0;99
23;24;0;0
24;24;0;0
25;24;0;0
26;24;0;0
27;24;0;0
28;24;0;0
29;24;0;0
30;24;0;0
31;24;0;0
32;24;0;0
33;24;0;0
34;24;0;0
35;24;0;75
36;24;0;79
37;24;0;0
38;24;0;45
39;24;0;38
40;24;0;53
41;24;0;44
42;24;0;0
43;24;0;28
44;24;0;27
45;24;0;27
46;24;0;27
47;24;0;28
48;24;0;28
49;24;0;29
50;24;0;30
51;24;0;31
52;24;0;32
53;24;0;33
54;24;0;36
55;24;0;100
56;24;0;95
57;24;0;0
58;24;0;20
59;24;0;19
60;24;0;19
61;24;0;20
62;24;0;0
63;24;0;0
0;25;0;0
1;25;0;0
2;25;0;0
3;25;0;0
4;25;0;0
5;25;0;0
6;25;0;0
7;25;0;0
8;25;0;58
9;25;0;73
10;25;0;0
11;25;0;67
12;25;0;24
13;25;0;17
14;25;0;16
15;25;0;15
16;25;0;16
17;25;0;16
18;25;0;17
19;25;0;18
20;25;0;0
21;25;0;38
22;25;0;77
23;25;0;0
24;25;0;0
25;25;0;0
26;25;0;0
27;25;0;0
28;25;0;0
29;25;0;0
30;25;0;0
31;25;0;0
32;25;0;0
33;25;0;0
34;25;0;0
35;25;0;0
36;25;0;0
37;25;0;0
38;25;0;0
39;25;0;35
40;25;0;33
41;25;0;0
42;25;0;0
43;25;0;27
44;25;0;26
45;25;0;26
46;25;0;27
47;25;0;27
48;25;0;28
49;25;0;29
50;25;0;30
51;25;0;31
52;25;0;32
53;25;0;34
54;25;0;35
55;25;0;38
56;25;0;55
57;25;0;55
58;25;0;27
59;25;0;20
60;25;0;20
61;25;0;21
62;25;0;0
63;25;0;0
0;26;0;0
1;26;0;0
2;26;0;82
3;26;0;82
4;26;0;0
5;26;0;64
6;26;0;0
7;26;0;70
8;26;0;0
9;26;0;91
10;26;0;0
11;26;0;0
12;26;0;28
13;26;0;19
14;26;0;17
15;26;0;16
16;26;0;16
17;26;0;17
18;26;0;17
19;26;0;18
20;26;0;21
21;26;0;0
22;26;0;78
23;26;0;0
24;26;0;0
25;26;0;0
26;26;0;0
27;26;0;0
28;26;0;0
29;26;0;0
30;26;0;0
31;26;0;94
32;26;0;85
33;26;0;0
34;26;0;91
35;26;0;0
36;26;0;99
37;26;0;0
38;26;0;0
39;26;0;0
40;26;0;29
41;26;0;27
42;26;0;27
43;26;0;26
44;26;0;26
45;26;0;26
46;26;0;26
47;26;0;27
48;26;0;28
49;26;0;29
50;26;0;31
51;26;0;34
52;26;0;37
53;26;0;36
54;26;0;36
55;26;0;38
56;26;0;48
57;26;0;0
58;26;0;27
59;26;0;21
60;26;0;21
61;26;0;22
62;26;0;23
63;26;0;35
0;27;0;0
1;27;0;0
2;27;0;0
3;27;0;60
4;27;0;48
5;27;0;52
6;27;0;0
7;27;0;53
8;27;0;51
9;27;0;88
10;27;0;72
11;27;0;0
12;27;0;0
13;27;0;0
14;27;0;0
15;27;0;18
16;27;0;17
17;27;0;17
18;27;0;18
19;27;0;18
20;27;0;20
21;27;0;34
22;27;0;40
23;27;0;60
24;27;0;0
25;27;0;0
26;27;0;0
27;27;0;0
28;27;0;0
29;27;0;0
30;27;0;0
31;27;0;0
32;27;0;80
33;27;0;81
34;27;0;64
35;27;0;0
36;27;0;94
37;27;0;0
38;27;0;0
39;27;0;0
40;27;0;28
41;27;0;26
42;27;0;26
43;27;0;25
44;27;0;25
45;27;0;25
46;27;0;25
47;27;0;26
48;27;0;28
49;27;0;32
50;27;0;0
51;27;0;0
52;27;0;0
53;27;0;0
54;27;0;0
55;27;0;39
56;27;0;43
57;27;0;0
58;27;0;28
59;27;0;23
60;27;0;22
61;27;0;22
62;27;0;24
63;27;0;29
0;28;0;57
1;28;0;68
2;28;0;0
3;28;0;0
4;28;0;0
5;28;0;0
6;28;0;95
7;28;0;37
8;28;0;42
9;28;0;0
10;28;0;0
11;28;0;0
12;28;0;78
13;28;0;58
14;28;0;84
15;28;0;20
16;28;0;19
17;28;0;18
18;28;0;18
19;28;0;19
20;28;0;20
21;28;0;23
22;28;0;31
23;28;0;0
24;28;0;59
25;28;0;0
26;28;0;82
27;28;0;0
28;28;0;0
29;28;0;85
30;28;0;0
31;28;0;0
32;28;0;0
33;28;0;64
34;28;0;61
35;28;0;66
36;28;0;0
37;28;0;0
38;28;0;0
39;28;0;31
40;28;0;27
41;28;0;26
42;28;0;25
43;28;0;25
44;28;0;24
45;28;0;25
46;28;0;25
47;28;0;26
48;28;0;31
49;28;0;0
50;28;0;70
51;28;0;49
52;28;0;50
53;28;0;56
54;28;0;100
55;28;0;42
56;28;0;44
57;28;0;0
58;28;0;46
59;28;0;24
60;28;0;23
61;28;0;23
62;28;0;24
63;28;0;27
0;29;0;48
1;29;0;50
2;29;0;0
3;29;0;47
4;29;0;34
5;29;0;0
6;29;0;31
7;29;0;31
8;29;0;32
9;29;0;33
10;29;0;39
11;29;0;38
12;29;0;56
13;29;0;0
14;29;0;0
15;29;0;45
16;29;0;21
17;29;0;19
18;29;0;19
19;29;0;20
20;29;0;20
21;29;0;21
22;29;0;24
23;29;0;34
24;29;0;41
25;29;0;0
26;29;0;69
27;29;0;0
28;29;0;72
29;29;0;82
30;29;0;100
31;29;0;0
32;29;0;0
33;29;0;0
34;29;0;57
35;29;0;62
36;29;0;46
37;29;0;46
38;29;0;50
39;29;0;33
40;29;0;30
41;29;0;26
42;29;0;25
43;29;0;24
44;29;0;24
45;29;0;24
46;29;0;24
47;29;0;26
48;29;0;33
49;29;0;100
50;29;0;67
51;29;0;45
52;29;0;0
53;29;0;88
54;29;0;0
55;29;0;45
56;29;0;50
57;29;0;0
58;29;0;0
59;29;0;25
60;29;0;24
61;29;0;24
62;29;0;25
63;29;0;31
0;30;0;44
1;30;0;62
2;30;0;60
3;30;0;31
4;30;0;29
5;30;0;29
6;30;0;29
7;30;0;30
8;30;0;31
9;30;0;32
10;30;0;33
11;30;0;35
12;30;0;38
13;30;0;49
14;30;0;0
15;30;0;0
16;30;0;23
17;30;0;21
18;30;0;20
19;30;0;20
20;30;0;21
21;30;0;22
22;30;0;28
23;30;0;49
24;30;0;72
25;30;0;0
26;30;0;0
27;30;0;0
28;30;0;62
29;30;0;67
30;30;0;0
31;30;0;0
32;30;0;0
33;30;0;0
34;30;0;49
35;30;0;46
36;30;0;44
37;30;0;44
38;30;0;67
39;30;0;43
40;30;0;44
41;30;0;26
42;30;0;24
43;30;0;23
44;30;0;23
45;30;0;23
46;30;0;24
47;30;0;25
48;30;0;65
49;30;0;67
50;30;0;48
51;30;0;42
52;30;0;0
53;30;0;57
54;30;0;51
55;30;0;50
56;30;0;0
57;30;0;50
58;30;0;27
59;30;0;26
60;30;0;25
61;30;0;25
62;30;0;26
63;30;0;29
0;31;0;41
1;31;0;58
2;31;0;0
3;31;0;29
4;31;0;28
5;31;0;28
6;31;0;28
7;31;0;29
8;31;0;30
9;31;0;32
10;31;0;33
11;31;0;34
12;31;0;36
13;31;0;40
14;31;0;95
15;31;0;88
16;31;0;50
17;31;0;22
18;31;0;21
19;31;0;21
20;31;0;21
21;31;0;22
22;31;0;23
23;31;0;25
24;31;0;71
25;31;0;0
26;31;0;0
27;31;0;0
28;31;0;70
29;31;0;67
30;31;0;0
31;31;0;0
32;31;0;0
33;31;0;0
34;31;0;52
35;31;0;45
36;31;0;43
37;31;0;41
38;31;0;45
39;31;0;87
40;31;0;28
41;31;0;25
42;31;0;23
43;31;0;23
44;31;0;22
45;31;0;22
46;31;0;23
47;31;0;26
48;31;0;54
49;31;0;0
50;31;0;0
51;31;0;40
52;31;0;40
53;31;0;0
54;31;0;90
55;31;0;98
56;31;0;51
57;31;0;30
58;31;0;27
59;31;0;26
60;31;0;26
61;31;0;26
62;31;0;27
63;31;0;29
0;32;0;0
1;32;0;30
2;32;0;29
3;32;0;27
4;32;0;27
5;32;0;27
6;32;0;28
7;32;0;29
8;32;0;31
9;32;0;34
10;32;0;36
11;32;0;36
12;32;0;37
13;32;0;39
14;32;0;49
15;32;0;0
16;32;0;0
17;32;0;23
18;32;0;22
19;32;0;22
20;32;0;22
21;32;0;22
22;32;0;23
23;32;0;24
24;32;0;26
25;32;0;33
26;32;0;43
27;32;0;43
28;32;0;0
29;32;0;50
30;32;0;63
31;32;0;0
32;32;0;0
33;32;0;0
34;32;0;63
35;32;0;50
36;32;0;0
37;32;0;43
38;32;0;43
39;32;0;33
40;32;0;26
41;32;0;24
42;32;0;23
43;32;0;22
44;32;0;22
45;32;0;22
46;32;0;22
47;32;0;23
48;32;0;0
49;32;0;0
50;32;0;49
51;32;0;39
52;32;0;37
53;32;0;36
54;32;0;36
55;32;0;34
56;32;0;31
57;32;0;29
58;32;0;28
59;32;0;27
60;32;0;27
61;32;0;27
62;32;0;29
63;32;0;30
0;33;0;52
1;33;0;29
2;33;0;27
3;33;0;26
4;33;0;26
5;33;0;26
6;33;0;27
7;33;0;30
8;33;0;51
9;33;0;98
10;33;0;90
11;33;0;0
12;33;0;40
13;33;0;40
14;33;0;0
15;33;0;0
16;33;0;54
17;33;0;26
18;33;0;23
19;33;0;22
20;33;0;22
21;33;0;23
22;33;0;23
23;33;0;25
24;33;0;28
25;33;0;87
26;33;0;45
27;33;0;41
28;33;0;43
29;33;0;45
30;33;0;52
31;33;0;0
32;33;0;0
33;33;0;0
34;33;0;0
35;33;0;67
36;33;0;70
37;33;0;0
38;33;0;0
39;33;0;0
40;33;0;71
41;33;0;25
42;33;0;23
43;33;0;22
44;33;0;21
45;33;0;21
46;33;0;21
47;33;0;22
48;33;0;50
49;33;0;88
50;33;0;95
51;33;0;40
52;33;0;36
53;33;0;34
54;33;0;33
55;33;0;32
56;33;0;30
57;33;0;29
58;33;0;28
59;33;0;28
60;33;0;28
61;33;0;29
62;33;0;0
63;33;0;58
0;34;0;0
1;34;0;29
2;34;0;26
3;34;0;25
4;34;0;25
5;34;0;26
6;34;0;27
7;34;0;50
8;34;0;0
9;34;0;50
10;34;0;51
11;34;0;57
12;34;0;0
13;34;0;42
14;34;0;48
15;34;0;67
16;34;0;65
17;34;0;25
18;34;0;24
19;34;0;23
20;34;0;23
21;34;0;23
22;34;0;24
23;34;0;26
24;34;0;44
25;34;0;43
26;34;0;67
27;34;0;44
28;34;0;44
29;34;0;46
30;34;0;49
31;34;0;0
32;34;0;0
33;34;0;0
34;34;0;0
35;34;0;67
36;34;0;62
37;34;0;0
38;34;0;0
39;34;0;0
40;34;0;72
41;34;0;49
42;34;0;28
43;34;0;22
44;34;0;21
45;34;0;20
46;34;0;20
47;34;0;21
48;34;0;23
49;34;0;0
50;34;0;0
51;34;0;49
52;34;0;38
53;34;0;35
54;34;0;33
55;34;0;32
56;34;0;31
57;34;0;30
58;34;0;29
59;34;0;29
60;34;0;29
61;34;0;31
62;34;0;60
63;34;0;62
0;35;0;52
1;35;0;31
2;35;0;25
3;35;0;24
4;35;0;24
5;35;0;25
6;35;0;0
7;35;0;0
8;35;0;50
9;35;0;45
10;35;0;0
11;35;0;88
12;35;0;0
13;35;0;45
14;35;0;67
15;35;0;100
16;35;0;33
17;35;0;26
18;35;0;24
19;35;0;24
20;35;0;24
21;35;0;24
22;35;0;25
23;35;0;26
24;35;0;30
25;35;0;33
26;35;0;50
27;35;0;46
28;35;0;46
29;35;0;62
30;35;0;57
31;35;0;0
32;35;0;0
33;35;0;0
34;35;0;100
35;35;0;82
36;35;0;72
37;35;0;0
38;35;0;69
39;35;0;0
40;35;0;41
41;35;0;34
42;35;0;24
43;35;0;21
44;35;0;20
45;35;0;20
46;35;0;19
47;35;0;19
48;35;0;21
49;35;0;45
50;35;0;0
51;35;0;0
52;35;0;56
53;35;0;38
54;35;0;39
55;35;0;33
56;35;0;32
57;35;0;31
58;35;0;31
59;35;0;0
60;35;0;34
61;35;0;47
62;35;0;0
63;35;0;50
0;36;0;69
1;36;0;27
2;36;0;24
3;36;0;23
4;36;0;23
5;36;0;24
6;36;0;46
7;36;0;0
8;36;0;44
9;36;0;42
10;36;0;100
11;36;0;56
12;36;0;50
13;36;0;49
14;36;0;70
15;36;0;0
16;36;0;31
17;36;0;26
18;36;0;25
19;36;0;25
20;36;0;24
21;36;0;25
22;36;0;25
23;36;0;26
24;36;0;27
25;36;0;31
26;36;0;0
27;36;0;0
28;36;0;0
29;36;0;66
30;36;0;61
31;36;0;64
32;36;0;0
33;36;0;0
34;36;0;0
35;36;0;85
36;36;0;0
37;36;0;0
38;36;0;82
39;36;0;0
40;36;0;59
41;36;0;0
42;36;0;31
43;36;0;23
44;36;0;20
45;36;0;19
46;36;0;18
47;36;0;18
48;36;0;19
49;36;0;20
50;36;0;84
51;36;0;58
52;36;0;78
53;36;0;0
54;36;0;0
55;36;0;0
56;36;0;42
57;36;0;37
58;36;0;95
59;36;0;0
60;36;0;0
61;36;0;0
62;36;0;0
63;36;0;68
0;37;0;86
1;37;0;29
2;37;0;24
3;37;0;22
4;37;0;22
5;37;0;23
6;37;0;28
7;37;0;0
8;37;0;43
9;37;0;39
10;37;0;0
11;37;0;0
12;37;0;0
13;37;0;0
14;37;0;0
15;37;0;32
16;37;0;28
17;37;0;26
18;37;0;25
19;37;0;25
20;37;0;25
21;37;0;25
22;37;0;26
23;37;0;26
24;37;0;28
25;37;0;0
26;37;0;0
27;37;0;0
28;37;0;94
29;37;0;0
30;37;0;64
31;37;0;81
32;37;0;80
33;37;0;0
34;37;0;0
35;37;0;0
36;37;0;0
37;37;0;0
38;37;0;0
39;37;0;0
40;37;0;0
41;37;0;60
42;37;0;40
43;37;0;34
44;37;0;20
45;37;0;18
46;37;0;18
47;37;0;17
48;37;0;17
49;37;0;18
50;37;0;0
51;37;0;0
52;37;0;0
53;37;0;0
54;37;0;72
55;37;0;88
56;37;0;51
57;37;0;53
58;37;0;0
59;37;0;52
60;37;0;48
61;37;0;60
62;37;0;0
63;37;0;0
0;38;0;48
1;38;0;35
2;38;0;23
3;38;0;22
4;38;0;21
5;38;0;21
6;38;0;27
7;38;0;0
8;38;0;48
9;38;0;38
10;38;0;36
11;38;0;36
12;38;0;37
13;38;0;34
14;38;0;31
15;38;0;29
16;38;0;28
17;38;0;27
18;38;0;26
19;38;0;26
20;38;0;26
21;38;0;26
22;38;0;27
23;38;0;27
24;38;0;29
25;38;0;0
26;38;0;0
27;38;0;0
28;38;0;99
29;38;0;0
30;38;0;91
31;38;0;0
32;38;0;85
33;38;0;94
34;38;0;0
35;38;0;0
36;38;0;0
37;38;0;0
38;38;0;0
39;38;0;0
40;38;0;0
41;38;0;0
42;38;0;78
43;38;0;0
44;38;0;21
45;38;0;18
46;38;0;17
47;38;0;17
48;38;0;16
49;38;0;16
50;38;0;17
51;38;0;19
52;38;0;28
53;38;0;0
54;38;0;0
55;38;0;91
56;38;0;0
57;38;0;70
58;38;0;0
59;38;0;64
60;38;0;0
61;38;0;82
62;38;0;82
63;38;0;0
0;39;0;0
1;39;0;0
2;39;0;0
3;39;0;21
4;39;0;20
5;39;0;20
6;39;0;27
7;39;0;55
8;39;0;55
9;39;0;38
10;39;0;35
11;39;0;34
12;39;0;32
13;39;0;31
14;39;0;30
15;39;0;29
16;39;0;28
17;39;0;27
18;39;0;27
19;39;0;26
20;39;0;26
21;39;0;27
22;39;0;0
23;39;0;0
24;39;0;33
25;39;0;35
26;39;0;0
27;39;0;0
28;39;0;0
29;39;0;0
30;39;0;0
31;39;0;0
32;39;0;0
33;39;0;0
34;39;0;0
35;39;0;0
36;39;0;0
37;39;0;0
38;39;0;0
39;39;0;0
40;39;0;0
41;39;0;0
42;39;0;77
43;39;0;38
44;39;0;0
45;39;0;18
46;39;0;17
47;39;0;16
48;39;0;16
49;39;0;15
50;39;0;16
51;39;0;17
52;39;0;24
53;39;0;67
54;39;0;0
55;39;0;73
56;39;0;58
57;39;0;0
58;39;0;0
59;39;0;0
60;39;0;0
61;39;0;0
62;39;0;0
63;39;0;0
0;40;0;0
1;40;0;0
2;40;0;0
3;40;0;20
4;40;0;19
5;40;0;19
6;40;0;20
7;40;0;0
8;40;0;95
9;40;0;100
10;40;0;36
11;40;0;33
12;40;0;32
13;40;0;31
14;40;0;30
15;40;0;29
16;40;0;28
17;40;0;28
18;40;0;27
19;40;0;27
20;40;0;27
21;40;0;28
22;40;0;0
23;40;0;44
24;40;0;53
25;40;0;38
26;40;0;45
27;40;0;0
28;40;0;79
29;40;0;75
30;40;0;0
31;40;0;0
32;40;0;0
33;40;0;0
34;40;0;0
35;40;0;0
36;40;0;0
37;40;0;0
38;40;0;0
39;40;0;0
40;40;0;0
41;40;0;0
42;40;0;99
43;40;0;0
44;40;0;0
45;40;0;18
46;40;0;16
47;40;0;15
48;40;0;15
49;40;0;15
50;40;0;15
51;40;0;15
52;40;0;15
53;40;0;16
54;40;0;20
55;40;0;31
56;40;0;49
57;40;0;0
58;40;0;0
59;40;0;71
60;40;0;47
61;40;0;0
62;40;0;0
63;40;0;0
0;41;0;0
1;41;0;0
2;41;0;32
3;41;0;19
4;41;0;18
5;41;0;17
6;41;0;18
7;41;0;62
8;41;0;0
9;41;0;0
10;41;0;70
11;41;0;35
12;41;0;33
13;41;0;31
14;41;0;30
15;41;0;29
16;41;0;29
17;41;0;29
18;41;0;28
19;41;0;28
20;41;0;28
21;41;0;29
22;41;0;32
23;41;0;82
24;41;0;79
25;41;0;43
26;41;0;43
27;41;0;49
28;41;0;60
29;41;0;64
30;41;0;72
31;41;0;94
32;41;0;0
33;41;0;0
34;41;0;0
35;41;0;0
36;41;0;0
37;41;0;0
38;41;0;0
39;41;0;0
40;41;0;0
41;41;0;0
42;41;0;0
43;41;0;0
44;41;0;36
45;41;0;0
46;41;0;16
47;41;0;15
48;41;0;14
49;41;0;14
50;41;0;14
51;41;0;14
52;41;0;14
53;41;0;15
54;41;0;46
55;41;0;21
56;41;0;0
57;41;0;0
58;41;0;41
59;41;0;25
60;41;0;30
61;41;0;46
62;41;0;0
63;41;0;0
0;42;0;0
1;42;0;0
2;42;0;39
3;42;0;18
4;42;0;17
5;42;0;16
6;42;0;17
7;42;0;19
8;42;0;33
9;42;0;0
10;42;0;0
11;42;0;0
12;42;0;91
13;42;0;33
14;42;0;32
15;42;0;31
16;42;0;30
17;42;0;30
18;42;0;34
19;42;0;31
20;42;0;30
21;42;0;35
22;42;0;0
23;42;0;54
24;42;0;47
25;42;0;45
26;42;0;45
27;42;0;0
28;42;0;67
29;42;0;66
30;42;0;87
31;42;0;83
32;42;0;0
33;42;0;0
34;42;0;0
35;42;0;0
36;42;0;0
37;42;0;0
38;42;0;0
39;42;0;0
40;42;0;0
41;42;0;0
42;42;0;0
43;42;0;0
44;42;0;0
45;42;0;19
46;42;0;16
47;42;0;14
48;42;0;14
49;42;0;13
50;42;0;13
51;42;0;13
52;42;0;13
53;42;0;14
54;42;0;15
55;42;0;14
56;42;0;15
57;42;0;15
58;42;0;18
59;42;0;43
60;42;0;33
61;42;0;71
62;42;0;54
63;42;0;0
0;43;0;0
1;43;0;72
2;43;0;0
3;43;0;17
4;43;0;16
5;43;0;15
6;43;0;16
7;43;0;18
8;43;0;0
9;43;0;0
10;43;0;89
11;43;0;53
12;43;0;47
13;43;0;56
14;43;0;39
15;43;0;0
16;43;0;32
17;43;0;33
18;43;0;39
19;43;0;57
20;43;0;34
21;43;0;0
22;43;0;0
23;43;0;61
24;43;0;49
25;43;0;47
26;43;0;47
27;43;0;50
28;43;0;0
29;43;0;0
30;43;0;0
31;43;0;90
32;43;0;0
33;43;0;0
34;43;0;0
35;43;0;0
36;43;0;0
37;43;0;0
38;43;0;0
39;43;0;0
40;43;0;0
41;43;0;0
42;43;0;0
43;43;0;91
44;43;0;38
45;43;0;23
46;43;0;16
47;43;0;14
48;43;0;13
49;43;0;13
50;43;0;13
51;43;0;13
52;43;0;13
53;43;0;13
54;43;0;13
55;43;0;13
56;43;0;13
57;43;0;14
58;43;0;17
59;43;0;34
60;43;0;20
61;43;0;19
62;43;0;16
63;43;0;16
0;44;0;0
1;44;0;75
2;44;0;38
3;44;0;16
4;44;0;15
5;44;0;14
6;44;0;15
7;44;0;15
8;44;0;17
9;44;0;26
10;44;0;53
11;44;0;0
12;44;0;0
13;44;0;0
14;44;0;50
15;44;0;42
16;44;0;0
17;44;0;0
18;44;0;52
19;44;0;0
20;44;0;42
21;44;0;0
22;44;0;0
23;44;0;0
24;44;0;71
25;44;0;0
26;44;0;51
27;44;0;73
28;44;0;95
29;44;0;0
30;44;0;0
31;44;0;0
32;44;0;0
33;44;0;0
34;44;0;0
35;44;0;0
36;44;0;0
37;44;0;0
38;44;0;0
39;44;0;0
40;44;0;0
41;44;0;0
42;44;0;0
43;44;0;97
44;44;0;31
45;44;0;0
46;44;0;16
47;44;0;14
48;44;0;13
49;44;0;13
50;44;0;12
51;44;0;12
52;44;0;12
53;44;0;12
54;44;0;12
55;44;0;12
56;44;0;12
57;44;0;13
58;44;0;14
59;44;0;0
60;44;0;17
61;44;0;13
62;44;0;13
63;44;0;13
0;45;0;35
1;45;0;0
2;45;0;16
3;45;0;14
4;45;0;14
5;45;0;14
6;45;0;14
7;45;0;14
8;45;0;18
9;45;0;55
10;45;0;71
11;45;0;0
12;45;0;0
13;45;0;0
14;45;0;51
15;45;0;0
16;45;0;0
17;45;0;0
18;45;0;49
19;45;0;46
20;45;0;48
21;45;0;0
22;45;0;0
23;45;0;71
24;45;0;64
25;45;0;60
26;45;0;0
27;45;0;0
28;45;0;0
29;45;0;0
30;45;0;0
31;45;0;0
32;45;0;83
33;45;0;0
34;45;0;0
35;45;0;0
36;45;0;0
37;45;0;0
38;45;0;0
39;45;0;0
40;45;0;0
41;45;0;0
42;45;0;91
43;45;0;84
44;45;0;0
45;45;0;18
46;45;0;14
47;45;0;13
48;45;0;13
49;45;0;12
50;45;0;12
51;45;0;12
52;45;0;12
53;45;0;12
54;45;0;12
55;45;0;12
56;45;0;12
57;45;0;12
58;45;0;12
59;45;0;13
60;45;0;12
61;45;0;12
62;45;0;12
63;45;0;12
0;46;0;0
1;46;0;0
2;46;0;15
3;46;0;13
4;46;0;13
5;46;0;13
6;46;0;13
7;46;0;13
8;46;0;14
9;46;0;16
10;46;0;0
11;46;0;0
12;46;0;0
13;46;0;90
14;46;0;0
15;46;0;75
16;46;0;0
17;46;0;66
18;46;0;56
19;46;0;50
20;46;0;0
21;46;0;66
22;46;0;0
23;46;0;0
24;46;0;0
25;46;0;0
26;46;0;0
27;46;0;0
28;46;0;0
29;46;0;0
30;46;0;0
31;46;0;64
32;46;0;0
33;46;0;0
34;46;0;0
35;46;0;0
36;46;0;0
37;46;0;0
38;46;0;0
39;46;0;0
40;46;0;0
41;46;0;88
42;46;0;0
43;46;0;59
44;46;0;0
45;46;0;17
46;46;0;14
47;46;0;13
48;46;0;12
49;46;0;12
50;46;0;12
51;46;0;11
52;46;0;11
53;46;0;11
54;46;0;11
55;46;0;11
56;46;0;11
57;46;0;11
58;46;0;11
59;46;0;11
60;46;0;11
61;46;0;11
62;46;0;11
63;46;0;11
0;47;0;15
1;47;0;14
2;47;0;13
3;47;0;13
4;47;0;12
5;47;0;12
6;47;0;12
7;47;0;13
8;47;0;13
9;47;0;14
10;47;0;17
11;47;0;23
12;47;0;30
13;47;0;89
14;47;0;91
15;47;0;0
16;47;0;0
17;47;0;0
18;47;0;0
19;47;0;0
20;47;0;84
21;47;0;99
22;47;0;0
23;47;0;0
24;47;0;0
25;47;0;0
26;47;0;0
27;47;0;89
28;47;0;0
29;47;0;48
30;47;0;0
31;47;0;66
32;47;0;69
33;47;0;0
34;47;0;0
35;47;0;83
36;47;0;0
37;47;0;0
38;47;0;0
39;47;0;0
40;47;0;0
41;47;0;0
42;47;0;48
43;47;0;29
44;47;0;56
45;47;0;0
46;47;0;15
47;47;0;13
48;47;0;12
49;47;0;12
50;47;0;11
51;47;0;11
52;47;0;11
53;47;0;11
54;47;0;11
55;47;0;11
56;47;0;11
57;47;0;11
58;47;0;11
59;47;0;11
60;47;0;11
61;47;0;11
62;47;0;11
63;47;0;11
0;48;0;13
1;48;0;12
2;48;0;12
3;48;0;12
4;48;0;12
5;48;0;12
6;48;0;12
7;48;0;12
8;48;0;13
9;48;0;14
10;48;0;0
11;48;0;0
12;48;0;34
13;48;0;64
14;48;0;0
15;48;0;0
16;48;0;0
17;48;0;88
18;48;0;0
19;48;0;0
20;48;0;0
21;48;0;89
22;48;0;0
23;48;0;0
24;48;0;0
25;48;0;0
26;48;0;82
27;48;0;66
28;48;0;72
29;48;0;45
30;48;0;47
31;48;0;0
32;48;0;0
33;48;0;0
34;48;0;66
35;48;0;0
36;48;0;0
37;48;0;0
38;48;0;69
39;48;0;0
40;48;0;74
41;48;0;0
42;48;0;0
43;48;0;87
44;48;0;21
45;48;0;82
46;48;0;15
47;48;0;12
48;48;0;12
49;48;0;11
50;48;0;11
51;48;0;11
52;48;0;11
53;48;0;11
54;48;0;10
55;48;0;10
56;48;0;10
57;48;0;10
58;48;0;10
59;48;0;10
60;48;0;10
61;48;0;10
62;48;0;10
63;48;0;10
0;49;0;12
1;49;0;12
2;49;0;11
3;49;0;11
4;49;0;11
5;49;0;11
6;49;0;11
7;49;0;12
8;49;0;12
9;49;0;13
10;49;0;0
11;49;0;17
12;49;0;0
13;49;0;0
14;49;0;0
15;49;0;0
16;49;0;0
17;49;0;0
18;49;0;48
19;49;0;59
20;49;0;0
21;49;0;0
22;49;0;0
23;49;0;0
24;49;0;0
25;49;0;0
26;49;0;0
27;49;0;0
28;49;0;80
29;49;0;42
30;49;0;49
31;49;0;86
32;49;0;0
33;49;0;0
34;49;0;0
35;49;0;0
36;49;0;0
37;49;0;0
38;49;0;59
39;49;0;0
40;49;0;0
41;49;0;0
42;49;0;85
43;49;0;0
44;49;0;15
45;49;0;14
46;49;0;12
47;49;0;12
48;49;0;11
49;49;0;11
50;49;0;11
51;49;0;11
52;49;0;10
53;49;0;10
54;49;0;10
55;49;0;10
56;49;0;10
57;49;0;10
58;49;0;10
59;49;0;10
60;49;0;10
61;49;0;10
62;49;0;10
63;49;0;10
0;50;0;11
1;50;0;11
2;50;0;11
3;50;0;11
4;50;0;11
5;50;0;11
6;50;0;11
7;50;0;11
8;50;0;12
9;50;0;12
10;50;0;13
11;50;0;13
12;50;0;14
13;50;0;17
14;50;0;0
15;50;0;42
16;50;0;31
17;50;0;29
18;50;0;58
19;50;0;0
20;50;0;0
21;50;0;0
22;50;0;0
23;50;0;0
24;50;0;0
25;50;0;0
26;50;0;0
27;50;0;66
28;50;0;0
29;50;0;32
30;50;0;0
31;50;0;31
32;50;0;34
33;50;0;41
34;50;0;46
35;50;0;51
36;50;0;0
37;50;0;0
38;50;0;45
39;50;0;37
40;50;0;30
41;50;0;33
42;50;0;77
43;50;0;25
44;50;0;14
45;50;0;13
46;50;0;12
47;50;0;11
48;50;0;11
49;50;0;11
50;50;0;10
51;50;0;10
52;50;0;10
53;50;0;10
54;50;0;10
55;50;0;10
56;50;0;10
57;50;0;10
58;50;0;10
59;50;0;10
60;50;0;10
61;50;0;10
62;50;0;10
63;50;0;10
0;51;0;11
1;51;0;11
2;51;0;11
3;51;0;11
4;51;0;11
5;51;0;11
6;51;0;11
7;51;0;11
8;51;0;11
9;51;0;11
10;51;0;12
11;51;0;12
12;51;0;13
13;51;0;14
14;51;0;16
15;51;0;19
16;51;0;24
17;51;0;27
18;51;0;30
19;51;0;66
20;51;0;71
21;51;0;0
22;51;0;0
23;51;0;0
24;51;0;0
25;51;0;0
26;51;0;0
27;51;0;36
28;51;0;28
29;51;0;26
30;51;0;27
31;51;0;28
32;51;0;31
33;51;0;71
34;51;0;50
35;51;0;86
36;51;0;0
37;51;0;84
38;51;0;87
39;51;0;27
40;51;0;28
41;51;0;33
42;51;0;0
43;51;0;16
44;51;0;13
45;51;0;12
46;51;0;12
47;51;0;11
48;51;0;11
49;51;0;10
50;51;0;10
51;51;0;10
52;51;0;10
53;51;0;10
54;51;0;10
55;51;0;10
56;51;0;10
57;51;0;10
58;51;0;10
59;51;0;9
60;51;0;9
61;51;0;9
62;51;0;9
63;51;0;9
0;52;0;10
1;52;0;10
2;52;0;10
3;52;0;10
4;52;0;10
5;52;0;10
6;52;0;10
7;52;0;11
8;52;0;11
9;52;0;11
10;52;0;11
11;52;0;12
12;52;0;12
13;52;0;13
14;52;0;16
15;52;0;76
16;52;0;43
17;52;0;32
18;52;0;33
19;52;0;55
20;52;0;0
21;52;0;86
22;52;0;0
23;52;0;0
24;52;0;0
25;52;0;0
26;52;0;0
27;52;0;24
28;52;0;24
29;52;0;24
30;52;0;26
31;52;0;27
32;52;0;29
33;52;0;32
34;52;0;0
35;52;0;0
36;52;0;0
37;52;0;0
38;52;0;0
39;52;0;23
40;52;0;0
41;52;0;56
42;52;0;24
43;52;0;19
44;52;0;13
45;52;0;12
46;52;0;11
47;52;0;11
48;52;0;10
49;52;0;10
50;52;0;10
51;52;0;10
52;52;0;10
53;52;0;10
54;52;0;10
55;52;0;10
56;52;0;9
57;52;0;9
58;52;0;9
59;52;0;9
60;52;0;9
61;52;0;9
62;52;0;9
63;52;0;9
0;53;0;10
1;53;0;10
2;53;0;10
3;53;0;10
4;53;0;10
5;53;0;10
6;53;0;10
7;53;0;10
8;53;0;10
9;53;0;11
10;53;0;11
11;53;0;11
12;53;0;12
13;53;0;13
14;53;0;21
15;53;0;67
16;53;0;0
17;53;0;63
18;53;0;71
19;53;0;0
20;53;0;0
21;53;0;0
22;53;0;0
23;53;0;88
24;53;0;85
25;53;0;0
26;53;0;23
27;53;0;21
28;53;0;22
29;53;0;24
30;53;0;26
31;53;0;27
32;53;0;29
33;53;0;31
34;53;0;41
35;53;0;66
36;53;0;91
37;53;0;0
38;53;0;0
39;53;0;19
40;53;0;23
41;53;0;37
42;53;0;49
43;53;0;0
44;53;0;14
45;53;0;12
46;53;0;11
47;53;0;11
48;53;0;10
49;53;0;10
50;53;0;10
51;53;0;10
52;53;0;10
53;53;0;10
54;53;0;9
55;53;0;9
56;53;0;9
57;53;0;9
58;53;0;9
59;53;0;9
60;53;0;9
61;53;0;9
62;53;0;9
63;53;0;9
0;54;0;10
1;54;0;10
2;54;0;10
3;54;0;10
4;54;0;10
5;54;0;10
6;54;0;10
7;54;0;10
8;54;0;10
9;54;0;10
10;54;0;11
11;54;0;11
12;54;0;11
13;54;0;12
14;54;0;16
15;54;0;67
16;54;0;0
17;54;0;16
18;54;0;0
19;54;0;64
20;54;0;26
21;54;0;36
22;54;0;0
23;54;0;0
24;54;0;37
25;54;0;18
26;54;0;18
27;54;0;20
28;54;0;23
29;54;0;99
30;54;0;40
31;54;0;30
32;54;0;30
33;54;0;32
34;54;0;0
35;54;0;0
36;54;0;61
37;54;0;0
38;54;0;61
39;54;0;16
40;54;0;15
41;54;0;21
42;54;0;0
43;54;0;0
44;54;0;13
45;54;0;11
46;54;0;11
47;54;0;10
48;54;0;10
49;54;0;10
50;54;0;10
51;54;0;10
52;54;0;9
53;54;0;9
54;54;0;9
55;54;0;9
56;54;0;9
57;54;0;9
58;54;0;9
59;54;0;9
60;54;0;9
61;54;0;9
62;54;0;9
63;54;0;9
0;55;0;9
1;55;0;9
2;55;0;9
3;55;0;9
4;55;0;10
5;55;0;10
6;55;0;10
7;55;0;10
8;55;0;10
9;55;0;10
10;55;0;10
11;55;0;10
12;55;0;11
13;55;0;12
14;55;0;15
15;55;0;17
16;55;0;17
17;55;0;13
18;55;0;13
19;55;0;14
20;55;0;0
21;55;0;16
22;55;0;15
23;55;0;16
24;55;0;15
25;55;0;16
26;55;0;17
27;55;0;73
28;55;0;0
29;55;0;43
30;55;0;46
31;55;0;98
32;55;0;32
33;55;0;57
34;55;0;0
35;55;0;0
36;55;0;31
37;55;0;42
38;55;0;16
39;55;0;14
40;55;0;13
41;55;0;13
42;55;0;13
43;55;0;13
44;55;0;12
45;55;0;11
46;55;0;10
47;55;0;10
48;55;0;10
49;55;0;10
50;55;0;9
51;55;0;9
52;55;0;9
53;55;0;9
54;55;0;9
55;55;0;9
56;55;0;9
57;55;0;9
58;55;0;9
59;55;0;9
60;55;0;9
61;55;0;9
62;55;0;9
63;55;0;9
0;56;0;9
1;56;0;9
2;56;0;9
3;56;0;9
4;56;0;9
5;56;0;9
6;56;0;9
7;56;0;10
8;56;0;10
9;56;0;10
10;56;0;10
11;56;0;10
12;56;0;10
13;56;0;11
14;56;0;11
15;56;0;12
16;56;0;12
17;56;0;12
18;56;0;12
19;56;0;12
20;56;0;13
21;56;0;13
22;56;0;13
23;56;0;13
24;56;0;14
25;56;0;15
26;56;0;17
27;56;0;0
28;56;0;40
29;56;0;37
30;56;0;81
31;56;0;0
32;56;0;35
33;56;0;50
34;56;0;88
35;56;0;0
36;56;0;18
37;56;0;0
38;56;0;13
39;56;0;12
40;56;0;12
41;56;0;12
42;56;0;11
43;56;0;11
44;56;0;11
45;56;0;10
46;56;0;10
47;56;0;10
48;56;0;10
49;56;0;9
50;56;0;9
51;56;0;9
52;56;0;9
53;56;0;9
54;56;0;9
55;56;0;9
56;56;0;9
57;56;0;9
58;56;0;9
59;56;0;9
60;56;0;9
61;56;0;9
62;56;0;9
63;56;0;9
0;57;0;9
1;57;0;9
2;57;0;9
3;57;0;9
4;57;0;9
5;57;0;9
6;57;0;9
7;57;0;9
8;57;0;9
9;57;0;10
10;57;0;10
11;57;0;10
12;57;0;10
13;57;0;10
14;57;0;11
15;57;0;11
16;57;0;11
17;57;0;11
18;57;0;11
19;57;0;11
20;57;0;12
21;57;0;12
22;57;0;12
23;57;0;12
24;57;0;13
25;57;0;14
26;57;0;0
27;57;0;0
28;57;0;35
29;57;0;32
30;57;0;63
31;57;0;0
32;57;0;0
33;57;0;0
34;57;0;18
35;57;0;16
36;57;0;14
37;57;0;13
38;57;0;12
39;57;0;11
40;57;0;11
41;57;0;11
42;57;0;11
43;57;0;10
44;57;0;10
45;57;0;10
46;57;0;10
47;57;0;10
48;57;0;9
49;57;0;9
50;57;0;9
51;57;0;9
52;57;0;9
53;57;0;9
54;57;0;9
55;57;0;9
56;57;0;9
57;57;0;9
58;57;0;9
59;57;0;9
60;57;0;9
61;57;0;8
62;57;0;8
63;57;0;8
0;58;0;9
1;58;0;9
2;58;0;9
3;58;0;9
4;58;0;9
5;58;0;9
6;58;0;9
7;58;0;9
8;58;0;9
9;58;0;9
10;58;0;9
11;58;0;10
12;58;0;10
13;58;0;10
14;58;0;10
15;58;0;10
16;58;0;10
17;58;0;10
18;58;0;11
19;58;0;11
20;58;0;11
21;58;0;11
22;58;0;11
23;58;0;12
24;58;0;12
25;58;0;14
26;58;0;18
27;58;0;0
28;58;0;40
29;58;0;30
30;58;0;27
31;58;0;24
32;58;0;19
33;58;0;16
34;58;0;14
35;58;0;13
36;58;0;12
37;58;0;12
38;58;0;11
39;58;0;11
40;58;0;11
41;58;0;10
42;58;0;10
43;58;0;10
44;58;0;10
45;58;0;10
46;58;0;9
47;58;0;9
48;58;0;9
49;58;0;9
50;58;0;9
51;58;0;9
52;58;0;9
53;58;0;9
54;58;0;9
55;58;0;9
56;58;0;9
57;58;0;9
58;58;0;9
59;58;0;8
60;58;0;8
61;58;0;8
62;58;0;8
63;58;0;8
0;59;0;9
1;59;0;9
2;59;0;9
3;59;0;9
4;59;0;9
5;59;0;9
6;59;0;9
7;59;0;9
8;59;0;9
9;59;0;9
10;59;0;9
11;59;0;9
12;59;0;9
13;59;0;10
14;59;0;10
15;59;0;10
16;59;0;10
17;59;0;10
18;59;0;10
19;59;0;10
20;59;0;10
21;59;0;11
22;59;0;11
23;59;0;11
24;59;0;12
25;59;0;13
26;59;0;0
27;59;0;88
28;59;0;0
29;59;0;92
30;59;0;29
31;59;0;27
32;59;0;0
33;59;0;17
34;59;0;14
35;59;0;12
36;59;0;12
37;59;0;11
38;59;0;11
39;59;0;10
40;59;0;10
41;59;0;10
42;59;0;10
43;59;0;10
44;59;0;10
45;59;0;9
46;59;0;9
47;59;0;9
48;59;0;9
49;59;0;9
50;59;0;9
51;59;0;9
52;59;0;9
53;59;0;9
54;59;0;9
55;59;0;9
56;59;0;8
57;59;0;8
58;59;0;8
59;59;0;8
60;59;0;8
61;59;0;8
62;59;0;8
63;59;0;8
0;60;0;9
1;60;0;9
2;60;0;9
3;60;0;9
4;60;0;9
5;60;0;9
6;60;0;9
7;60;0;9
8;60;0;9
9;60;0;9
10;60;0;9
11;60;0;9
12;60;0;9
13;60;0;9
14;60;0;9
15;60;0;10
16;60;0;10
17;60;0;10
18;60;0;10
19;60;0;10
20;60;0;10
21;60;0;10
22;60;0;11
23;60;0;11
24;60;0;11
25;60;0;12
26;60;0;15
27;60;0;0
28;60;0;0
29;60;0;0
30;60;0;48
31;60;0;0
32;60;0;0
33;60;0;0
34;60;0;14
35;60;0;12
36;60;0;11
37;60;0;11
38;60;0;10
39;60;0;10
40;60;0;10
41;60;0;10
42;60;0;10
43;60;0;9
44;60;0;9
45;60;0;9
46;60;0;9
47;60;0;9
48;60;0;9
49;60;0;9
50;60;0;9
51;60;0;9
52;60;0;9
53;60;0;9
54;60;0;8
55;60;0;8
56;60;0;8
57;60;0;8
58;60;0;8
59;60;0;8
60;60;0;8
61;60;0;8
62;60;0;8
63;60;0;8
0;61;0;8
1;61;0;8
2;61;0;8
3;61;0;9
4;61;0;9
5;61;0;9
6;61;0;9
7;61;0;9
8;61;0;9
9;61;0;9
10;61;0;9
11;61;0;9
12;61;0;9
13;61;0;9
14;61;0;9
15;61;0;9
16;61;0;9
17;61;0;9
18;61;0;10
19;61;0;10
20;61;0;10
21;61;0;10
22;61;0;10
23;61;0;11
24;61;0;11
25;61;0;12
26;61;0;0
27;61;0;34
28;61;0;71
29;61;0;0
30;61;0;66
31;61;0;97
32;61;0;86
33;61;0;74
34;61;0;14
35;61;0;12
36;61;0;11
37;61;0;10
38;61;0;10
39;61;0;10
40;61;0;10
41;61;0;10
42;61;0;9
43;61;0;9
44;61;0;9
45;61;0;9
46;61;0;9
47;61;0;9
48;61;0;9
49;61;0;9
50;61;0;9
51;61;0;9
52;61;0;9
53;61;0;8
54;61;0;8
55;61;0;8
56;61;0;8
57;61;0;8
58;61;0;8
59;61;0;8
60;61;0;8
61;61;0;8
62;61;0;8
63;61;0;8
0;62;0;8
1;62;0;8
2;62;0;8
3;62;0;8
4;62;0;8
5;62;0;8
6;62;0;9
7;62;0;9
8;62;0;9
9;62;0;9
10;62;0;9
11;62;0;9
12;62;0;9
13;62;0;9
14;62;0;9
15;62;0;9
16;62;0;9
17;62;0;9
18;62;0;9
19;62;0;9
20;62;0;10
21;62;0;10
22;62;0;10
23;62;0;10
24;62;0;11
25;62;0;11
26;62;0;13
27;62;0;14
28;62;0;56
29;62;0;0
30;62;0;25
31;62;0;54
32;62;0;0
33;62;0;43
34;62;0;15
35;62;0;11
36;62;0;10
37;62;0;10
38;62;0;10
39;62;0;10
40;62;0;9
41;62;0;9
42;62;0;9
43;62;0;9
44;62;0;9
45;62;0;9
46;62;0;9
47;62;0;9
48;62;0;9
49;62;0;9
50;62;0;9
51;62;0;8
52;62;0;8
53;62;0;8
54;62;0;8
55;62;0;8
56;62;0;8
57;62;0;8
58;62;0;8
59;62;0;8
60;62;0;8
61;62;0;8
62;62;0;8
63;62;0;8
0;63;0;8
1;63;0;8
2;63;0;8
3;63;0;8
4;63;0;8
5;63;0;8
6;63;0;8
7;63;0;8
8;63;0;9
9;63;0;9
10;63;0;9
11;63;0;9
12;63;0;9
13;63;0;9
14;63;0;9
15;63;0;9
16;63;0;9
17;63;0;9
18;63;0;9
19;63;0;9
20;63;0;9
21;63;0;9
22;63;0;10
23;63;0;10
24;63;0;10
25;63;0;11
26;63;0;11
27;63;0;12
28;63;0;13
29;63;0;16
30;63;0;39
31;63;0;36
32;63;0;0
33;63;0;13
34;63;0;12
35;63;0;11
36;63;0;10
37;63;0;10
38;63;0;10
39;63;0;9
40;63;0;9
41;63;0;9
42;63;0;9
43;63;0;9
44;63;0;9
45;63;0;9
46;63;0;9
47;63;0;9
48;63;0;9
49;63;0;8
50;63;0;8
51;63;0;8
52;63;0;8
53;63;0;8
54;63;0;8
55;63;0;8
56;63;0;8
57;63;0;8
58;63;0;8
59;63;0;8
60;63;0;8
61;63;0;8
62;63;0;8
63;63;0;8
